Description,"Location (Latitude, Longitude)",Is Local Border,Is International Border
3F INDUSTRIES LTD-A.P,,0,0
DEEP CHAND ARYA IND-NEW DELHI,,0,0
A.P.L. BHUJ,,0,0
BIRLA-DAHEJ,,0,0
DEEPAK ACID & CHEM-KUTCH,,0,0
HZL-DARIBA,,0,0
AADITYAA PROTEIN-NAGPUR,,0,0
PANKAJ IMPEX-RAJNANDGAON,,0,0
AAK INDIA PVT-KHOPOLI. (M.H.),,0,0
CHEMEX OIL-SOLAN-BADDI,,0,0
AAP CHEM PVT LTD-BRD,,0,0
SUPER ACID & CHEMICAL-DELHI,,0,0
AAP CHEM-SAYAKHA-BHARUCH,,0,0
ASIAN CHEMICALS-JODHPUR,,0,0
AARTI IND.-JHAGADIA,,0,0
BLUE PHOSPHATE LTD-UDAIPUR,,0,0
M.B.AGRO.PROD.LTD-SAGAR,,0,0
SHREE PUSHKAR PHOS CHEM-UDAIPUR,,0,0
UDAIPUR UNIT,,0,0
AARTISURFACT-ANTS-SILVASSA,,0,0
KEMIT CHEMICALS PVT LTD-AHMEDABAD,,0,0
ABHISHEK CHEMICAL PANOLI-ANK,,0,0
M.BHARAT AGRO-SAGAR(M.P),,0,0
ABIS EXPORT(INDIA)PVT.LTD.-RAIPUR,,0,0
NEEV BIOCHEM PVT. LTD.-PUNE,,0,0
PUNE-(M.H.),,0,0
SAP OLEO CHEM PVT LTD-KURKUMBH-M.H,,0,0
ADANI HAZIRA-SURAT,,0,0
"GNFC,. BHARUCH",,0,0
GODHREJ CONSUMER PRODUCTS-MALANPUR(M.P),,0,0
INDIAN PHOS LTD-UDAIPUR,,0,0
ADANI PETROCHEMICAL-KANDLA,,0,0
ARORA POLYFAB INDIA-BAHADURGARH,,0,0
ZELIANT INDUSTRIES,,0,0
ADANI POWER-JHARKHAND,,0,0
DISCON SALES PVT. LTD-HOWRAH,,0,0
ADANI WILMAR LTD-HALDIA(W.B),,0,0
VIJAY SOLVEX LTD-ALWAR,,0,0
ADANI WILMAR LTD-HAZIRA,,0,0
ADANI WILMAR LTD-MUNDRA,,0,0
SHREENIDHI OIL & FOODS-INDORE,,0,0
ADANI-MUNDRA,,0,0
AEGIS VOPAK TERMI-HALDIA,,0,0
JAJPUR,,0,0
"JINDAL ST.STEEL-JAJPUR,ORISSA",,0,0
AEGIS VOPAK TERMINAL LTD-HALDIA,,0,0
JINDALSTAINLESS LTD-ODISHA,,0,0
NAGPUR,,0,0
RUDRAKSHA ALLIED CHEM PVT LTD-NAGPUR (M.H),,0,0
SHIVAM NITRATE PVT LTD.-NAGPUR,,0,0
AEGIS VOPAK TERMINAL LTD-KANDLA,,0,0
A.R.BHANDARI-INDORE,,0,0
ABHISHEK ACID & CHEM-BHILWARA,,0,0
ACCOOCIATED DYESTUFF-SAYKHA,,0,0
ACETOCHEM-SURAT,,0,0
AHMEDABAD.,,0,0
AKSHAR CHEM INDIA-MEHSANA,,0,0
AKSHAY CHEMICALS-ANK,,0,0
AKSHAY CHEMIX-PADRA,,0,0
ARKON INDUSTRIES-VADODARA,,0,0
ASSOCIATED DYE STUFF-VAGRA,,0,0
BHAGERIA IND LIMITED-TARAPUR,,0,0
"BHARAT ACID,VAPI",,0,0
D.F.P.C.L.-TALOJA,,0,0
"DEEPAK NIT, NANDESARI",,0,0
GANESHKRUPA CHEM-VALSAD,,0,0
JAY PROCESS-ANKLESHWAR,,0,0
JINDAL STAILESS-HISAR,,0,0
KAKADIYA CHEM-ANK,,0,0
KAYRPEE VANIJYA PVT LTD - BASKA,,0,0
LASONS INDIA PVT LTD-TALOJA,,0,0
MAHESHWARI ACID & CHEM-BHILWARA,,0,0
MITTAL CHEM-JALESAR,,0,0
NAVDEEP ENT-SANAND,,0,0
NEW INDIA-NANDESARI,,0,0
NITREX CHEMICAL-JHAGADIA,,0,0
"PANOLI INT , NANDESARI",,0,0
PARISHRAM CHEMICALS-VAPI,,0,0
PUJA ENTERPRISES-ALIGARH,,0,0
R. P. INTERMADIATES-NANDESARI,,0,0
RAVESHIA COLOUR -VAPI,,0,0
RUCHI PETRO PLAST-DAHEJ,,0,0
SAINI CHEMICALS-ANKLESHWAR,,0,0
SHALIBHADRA INTERMEDIATES-ANK,,0,0
SHREE ANANDESHWAR ENT-KANPUR,,0,0
SHRI TIRUPATI ENT-ALIGARH,,0,0
SHYAM SEL & POWER LTD-PITHAMPUR,,0,0
SNJ CHEMPACK-ANKLESHWAR,,0,0
STANDARD CHEMTECH-CHHATRAL,,0,0
STAR CHEM INDIA-ANKLESHWAR,,0,0
STAR OXOCHEM-JHAGADIA,,0,0
SUKHA CHEMICALS IND UNIT-11-PANOLI,,0,0
TANAY INORGANIC PVT LTD-NAGPUR,,0,0
VOXCO PIGMENTS & CHEM-VAPI,,0,0
WESTERN DRUG LTD-UDAIPUR,,0,0
AEGIS VOPAK TERMINAL-PIPAVAV,,0,0
AROMATICS INDIA PVT LTD-UDAIPUR,,0,0
AVSL IND. LTD-BHIWADI,,0,0
AVSL IND-HALOL,,0,0
SHIVANAND IMPEX-UKKHARLA,,0,0
AEGIS VOPAK TERMINALS LTD -KANDLA,,0,0
ANKLESHWAR,,0,0
ANUPAM COLOURS & CHEM. IND-VAPI,,0,0
BANGLORE,,0,0
BASUDEV ENT-ALIGARH,,0,0
CHEMICAL ENTERPRISES-AKALTARA,,0,0
CHROMENI STEEL-KUTCH,,0,0
KUTCH SPECIALILITES PVT LTD,,0,0
MAHESHWARI ENT-ALIGARH,,0,0
RANKA ORGANICS-UDAIPUR,,0,0
RASAYAN UDYOG-DHANBAD,,0,0
SHREE KRISHNA ENT-ALIGARH,,0,0
SHRI TIRUPATI ENTERPRISES-ALIGARH,,0,0
SHRI KRISHNA ENT-JALESAR,,0,0
SNIGDHA BASIC CHEM-INDORE,,0,0
SONA SYNTH.PRODUCTS-VAPI,,0,0
STANDARD CHEMICAL-CHHATRAL,,0,0
SURYA FINE CHEM-ANK,,0,0
TANAY INORGANICS PVT. LTD-NAGPUR,,0,0
AGPL-PIPAVAV,,0,0
BANSAL PLASTIC-NEW DELHI,,0,0
SELF,,0,0
AGRIM CHEMTECH KHERA-DELHI,,0,0
SHREE RAM SOAP & DET-HARYANA,,0,0
AHIR SALT & ALLIED PRODUCTS-KANDLA,,0,0
VIKASH ACID-BHILWARA,,0,0
MEGHMANI DYES & INTER-DUDHWADA-PADRA,,0,0
"P.I. IND, PANOLI",,0,0
AHPL SURAT-HAZIRA,,0,0
INDAIN PHOS LTD-UDAIPUR,,0,0
AHUJA BARREL SUPPLY-ROHTAK,,0,0
A.D.IMPEX-INDOR,,0,0
BHARAT FEED-INDOR,,0,0
SHAH FOOD PRODUCT-SEHORE,,0,0
ALLIED CHEMICALS IND-JAMSHEDPUR,,0,0
PRAYAGRAJ POWER GEN.COMPANY LTD-ALLAHABAD,,0,0
AMAL SPECIALITY CHEM LTD-ANK,,0,0
"GAYATRI ACID & CHEM,CO.CHIKALI -PUNE",,0,0
VISHNU CHEMICAL-BHILAI,,0,0
AMARAVATI,,0,0
AMOL-ANKLESHWAR,,0,0
ARVEE LAB. (INDIA)-BHAVNAGAR,,0,0
"MADHU SIL,BHAVNAGAR",,0,0
AMOLI OPG. PVT LTD-PADRA,,0,0
SHREE CEMENT LTD-BEAWAR,,0,0
APARNA CARBONS PVT LTD (C.G.),,0,0
"COLOUR TEX,SURAT",,0,0
CONTINENTAL CARBON ECO -DAHEJ,,0,0
PCBL MUNDRA PLANT-(GUJ),,0,0
PHILLIPS CARBON BLACK LTD-PALEJ,,0,0
SURAT,,0,0
APARNA CARBONS PVT LTD-RAIPUR,,0,0
BALKRISHNA IND LTD-KUTCH,,0,0
"ARIHANT DET,DHULIA",,0,0
HINDUSTAN UNILEVER-SUMERPUR,,0,0
AROCHEM IND.LTD-VAPI,,0,0
GALAXY CHEMICALS-BALLARY,,0,0
AROMATIC ALLED & ORG.P.LTD-BHIWADI,,0,0
JYOTHY LABS-LTD-UTTARA KHAND,,0,0
AROMETIC-G DHAM-KUTCH,,0,0
A.A. ENTERPRISES-LUCKNOW (U.P.),,0,0
ALOK UDYOG SAMATI-KANPUR,,0,0
BEEKAY DET ERGENT-LUCKNOW,,0,0
J S MINCHEM-UDAIPUR,,0,0
JAY CHEMICAL WORKS-KANPUR,,0,0
JYOTI LABS LTD-PITHAMPUR,,0,0
KAMAL GRAM UDYOG SAMATI-KANPUR,,0,0
KANPUR,,0,0
KANPUR EDIBLES PVT LTD-KANPUR,,0,0
MADANDA TARA CHEM-AJMER,,0,0
PATANJALI AYURVED LTD-HARIDWAR,,0,0
PATEL PHOSCHEM-UDAIPUR,,0,0
RAJHAV SURFACTANTS PVT LTD-KANPUR,,0,0
RAJRATAN AROMATICS-UNNAO (U.P.),,0,0
RAMA PHOSPHATE LTD-UDAIPUR,,0,0
RAMA PHOSPHATE-CHITTOD,,0,0
SARA IND-SANAND-AMD.,,0,0
SHAMANI INDUSTRIES-INDORE,,0,0
SHREE DURGA GRAMODYOG SEWA SAMITI-KANPUR,,0,0
SUNRAKSHAK AGRO PROD. PVT LTD- BHILWARA,,0,0
TRANSWORLD F.P. PVT LTD-G.DHAM,,0,0
VIKAS GRAMUDYOG-KANPUR,,0,0
ARUN INDUSTRIAL PRODUCTS-KHEDA,,0,0
"BILT GRAPHIC,BALLARPUR",,0,0
ARUN INDUSTRIAL-VARSOLA,,0,0
UNICHEM-AKOLA,,0,0
ASHIAN OILS PVT LTD-(WEST BENGAL),,0,0
LAXMI OIL & DALL MILL-MORENA(MP),,0,0
ASHIAN OILS PVT LTD-KOLKATA,,0,0
SHRI BASANT ENT-INDORE,,0,0
SUMUKH PROTEINS KHARGONE,,0,0
ATUL LTD-VALSAD,,0,0
MAHADEVI CHEMICAL IND-THANE,,0,0
PARADEEP PHOS-GOA,,0,0
AVI AGRI BUSINESSLTD-INDORE,,0,0
SIDHARTH TRADING CO-JAIPUR,,0,0
AWL AGRI BUSINESS-HALDIA,,0,0
BARAMATI AGRO-JALGAON,,0,0
J.N.P.T-MUMBAI,,0,0
BARODA-GODOWN,,0,0
RIL-VADODARA,,0,0
BASP CHEMICAL PRODUCTS LTD-SILVASSA,,0,0
HARSH CHEMICALS-BALOTRA,,0,0
BEC CHEMICALS PVT LTD-RAIGAD,,0,0
BERI COLD STORAGE-RAIPUR,,0,0
CHENNAI,,0,0
CLARIANT CHEMICALS (INDIA) LTD-CUDDUALORE,,0,0
COIMBATORE PIONEER FER.LTD.TAMILNADU,,0,0
BHAGWATI IND-MAHASAMUND-(C.G),,0,0
FAIRCHEM ORG LTD-AMD,,0,0
BHILAI ENG. CORP. LTD-PULGAON,,0,0
RSPL-AURANGABAD,,0,0
BHILAL ENGINEERING CORP LTD-BILAPUR (C.G),,0,0
M.BHARAT -INDOR,,0,0
"MULTI ORG, CHANDRAPUR",,0,0
NTPC LTD-MOUDHA-NAGPUR,,0,0
O.P. MILLS-AMLIA- (M.P.),,0,0
BIRLA CARBON INDIA-PATELGANGA-RAIGAD,,0,0
ETHERIS PETROCHEM -WB-HOWRAH,,0,0
BIRLA CELLULOSIC-KOSAMBA,,0,0
GRASIM IND LTD-VILAYAT BHARUCH,,0,0
AARTI IND-BHACHAO,,0,0
AGRO PHOS INDIA LTD-MEGHNAGAR,,0,0
AMBUJA INTERMEDIATES-MEHSANA,,0,0
ANKITRAJ EXPORTTRADE-URAN,,0,0
ARIES COLOUR CHEM-DAHEJ,,0,0
BANKE BIHARI-BALOTRA,,0,0
BASANT AGRO-AKOLA,,0,0
BASANT AGRO-JALGOAN,,0,0
BEC FERTILIZERS LIMITED,,0,0
BHILWARA.,,0,0
BTPS-DEEPNAGAR,,0,0
CIL -NANDESARI,,0,0
CLAX PIGMENTS-KADGAON,,0,0
CRYSTAL IND-RAJKOT,,0,0
D.F.P.C.L.-DAHEJ,,0,0
D.J. SURFACTANTS-UDAIPUR,,0,0
DAHEJ,,0,0
DEEPTY LAB-BNGLOUR,,0,0
DEVAS,,0,0
DHANLAKSHMI BIOCHEM-AHMEDABAD,,0,0
DHANLAXMI IND -A.BAD,,0,0
"FENA LTD, SILVASSA",,0,0
GOKUL OVERSEAS-G.DHAM-KUTCH,,0,0
GFL-DAHEJ,,0,0
GFL-RANJITNAGAR,,0,0
GHARDA CHEM.DOMBIVALI,,0,0
GHARDA CHEMICALSLTD-LOTE,,0,0
GOA,,0,0
GSFC LTD. SIKKA UNIT,,0,0
GUJ.MULTI.GAS BASE CHEMICAL PVT LTD-MEHSANA,,0,0
H.N. ENT. NANDESARI,,0,0
HINDALCO IND LTD-(SINGRAULI-M.P.),,0,0
HINDALCO IND LTD-RENUSAGAR (U.P),,0,0
HINDALCO IND.LTD-RENUKOOT,,0,0
HZL-CHITTORGARH,,0,0
ICMC CORP LIMITED TRICHY-TAMIL NADU,,0,0
IFFCO-PHOOLPUR-ALLAHABAD,,0,0
INDIAN PESTICIDES LTD-SANDILA-HARDOI,,0,0
"INDOBOREX,PITHAMPUR",,0,0
INDORE,,0,0
JANKI AGRO PRODUCT-JETPUR,,0,0
JODHPUR,,0,0
JOTHI CHEMICAL(FOR.T.CHENDUR IND-METTURDAM,,0,0
K.C.F.L.-NIMABHAHRA,,0,0
KASHIRCHAND FERTILIZERS-WADASA,,0,0
KASTURCHAND FER.PVT LTD-WADASA(M.H),,0,0
KHAITAN CHEM & FER-DAHEJ,,0,0
KILBURN CHE LTD-DAHEJ,,0,0
KISAN SHAKTI FER & PESTICIDES .P. LTD-SAYKHA BHARUCH,,0,0
KRISHANA PHOSCHEM LIMITED-MEGHNAGAR,,0,0
LAXMI ACID & CHEMICALS MEHSANA,,0,0
"LAXMI AGRO,UDAIPUR",,0,0
M.B.AGRO PRODUCT-SAGAR,,0,0
M.BHARAT AGRO-SOURAI-BANDA,,0,0
M.BHARAT MEGHNAGAR,,0,0
M.BHARAT PRITAMPUR,,0,0
"M.BHARAT,MEGHANARAR",,0,0
M.N. CHEM. SHIRPUR-PUNE,,0,0
M.N.SURF-PUNE,,0,0
MADHAV INDUSTRIES-MEHSANA,,0,0
MAHESH RAJ CHEMICALS-AHMEDABAD,,0,0
MANGAL BIO-TECH-MANGALORE,,0,0
MANGALORE CHEM & FER-MANGALORE,,0,0
MANI AGRO CHEM PVT LTD-SALEM-TAMILNADU,,0,0
MAYUR DYE CHEM-PADRA,,0,0
MEGHMANI FINE CHEM-DAHEJ,,0,0
MEGHMANI NOVOTECH PVT LTD-BHARUCH,,0,0
"MMCPL,JHAGADIA",,0,0
N.T.P.C LTD-SOLAPUR,,0,0
NANDAN DENIM LTD-AHMEDABAD,,0,0
"NANDESARI UNIT,SELF",,0,0
NEW INDIA DETERGENT PVT LTD (MAHAD),,0,0
NIBHA POWER LTD-HISAR,,0,0
NTPC-KHARGONE (M.P.),,0,0
NTPC-UNCHAHAR,,0,0
PATANJALI FOOD- G.DHAM,,0,0
"PREM SAKHI,UDAIPUR",,0,0
PUNJAB CHEMICALS-PIMPRI-PUNE,,0,0
R.I.L.JAMNAGAR,,0,0
"R.M.PHOSPHATE,DHULIA",,0,0
R.M.PHOSPHATES-DEWAS(M.P),,0,0
R.S.P.L.-RAIPUR,,0,0
"RADHA MADHAV,SURAT",,0,0
RAJKOT,,0,0
RAJLAXMI AGROTECH INDIA PVT LTD.-JALNA,,0,0
RIL(SEZ)J.NAGAR,,0,0
RIL-DAHEJ,,0,0
RIL-HAZIRA-SURAT,,0,0
RIL-NAGOTHANE,,0,0
ROHITKUMAR TEXTILE MILLS-AHMEDABAD,,0,0
RSPL. LTD-ROURKEE,,0,0
"RUBAMIN,HALOL",,0,0
RUBAMIN-NANDESARI,,0,0
RUCHI SOYA IND-G.DHAM,,0,0
S.K.D.P.L.CHITTOR,,0,0
S.KRISHNA.SILVASSA,,0,0
SABARI AGRO CHEM-METTUR DAM,,0,0
SATPURA THERMAL POWER STATION-SARNI(M.P),,0,0
"SATYAM ENT,.UDAIPUR",,0,0
SATYENDRA FINE CHEM-PADRA,,0,0
SHCEL-MAHAD,,0,0
"SHIVA GLOBLE,NANDED",,0,0
SHREE CEMENT LTD - RAS,,0,0
SHREE HARI CHEMICALS-MAHAD-RAIGAD,,0,0
SHREE SHIV AGRO-BARODA,,0,0
SHREEJI AGRO PRODUCT-JETPUR,,0,0
SHREEJI LIQUID STORAGE TERMINAL-KANDLA,,0,0
SHRI KRISHNA DET.CHITTOD,,0,0
SHRI KRISHNA-SILVASSA,,0,0
SINGRUALI,,0,0
SMARTCHEM TECH-TALOJA,,0,0
SRINIVASA CHEMICAL ENT-PUDUCHERRY,,0,0
SUN IND PVT LTD-LUDHIANA,,0,0
TRANSWORLD FRUTI-SAVLI-BRD,,0,0
TRENT CHEM IND -MEGHNAGAR,,0,0
UMIYA ACID & CHEMICALS-HIMATNAGAR,,0,0
V.V.TITANIUM PIGMENT P LTD-THOOTHUKUDI,,0,0
"VEGA CHEM,JALGOAN",,0,0
VIDHYA MINERAL & PROC-BHANDARA,,0,0
VINAYAGA FER.INDIA PVT LTD-SPSR NELLORE,,0,0
BODAL CHEM LTD-UNIT-XII-PUNJAB,,0,0
BODAL CHEMICAL LTD-MATHURA (U.P.),,0,0
I.O.C.L-MATHURA (U.P.),,0,0
I.O.C.LTD-PANIPAT,,0,0
BODAL CHEMICAL LTD-SAYKHA,,0,0
AARTI DRUGS-PALGARH,,0,0
ASHISH INTERCHEM-BOISAR,,0,0
BAYER VAPI PVT LTD-VAPI,,0,0
CHEMIEORGANIC CHEMICAL-JHAGADIA,,0,0
CHIRAJ ORGANIC-VAPI,,0,0
CHROMA DYECHEM-SAYKHA,,0,0
DECCAN FINE CHEM-VISAKHAPATNAM,,0,0
GSP CROP SCIENCE-NANDESARI,,0,0
HEMANI CHEMI ORG-VAPI,,0,0
HEMANI INT. PVT LTD-VAPI,,0,0
IDEAL DYE-CHEM-VAPI,,0,0
JAINIK INDUSTRIES-VATVA,,0,0
JAY GANESH IND-KHAMBAT,,0,0
KAJAY REMEDIES PVT LTD-BADLAPUR,,0,0
LOTE,,0,0
MICAS ORG.LTD-II-VAPI,,0,0
MUNDRA,,0,0
PANOLI INTERMEDIATES-JHAGADIA,,0,0
PHARMA INTER CHEMIE-NANDESARI,,0,0
PRASHANT IND-VATVA,,0,0
RADHIKA ORGO-NANDESARI,,0,0
SARNA CHEMICALS-VAPI,,0,0
SUPREET CHEMICALS-VAPI,,0,0
SUVEN FARMA-VISAKHAPATNAM,,0,0
VIPUL ORGANIC-THANE,,0,0
BODAL CHEMICAL-RAJPUR (PUNJAB),,0,0
BODAL CHEMICALS-KHAMBAT,,0,0
BODAL CHEMICALS LTD-UNIT-VII,,0,0
BODAL-PADRA,,0,0
BODAL CHEM-UNIT-III,,0,0
BODAL UNIT-1 AMD,,0,0
AMBITION REMEDIES-BHARUCH,,0,0
ANJAR,,0,0
ARCHIT ORG-BHAVNAGAR,,0,0
AROMATIC ALLED & ORG.P.LTD-BHIWANDI,,0,0
ASSOCIATED DYE STUFF-VATVA,,0,0
AURO TEXTILES-BADDI,,0,0
BADDI UNIT,,0,0
BHAGERIA IND.LTD-VAPI,,0,0
BHAGWATI ORGANIC-AHMEDABAD,,0,0
BHARAT RASAYAN-DAHEJ,,0,0
BHAVIN INTERMEDIATES-BHARUCH,,0,0
BHUVNESHWARI ORG PVT LTD-NANDESARI,,0,0
BODAL CHEMICALS LTD-VIII,,0,0
BROMCHEM LAB.PVT LTD-ANAND,,0,0
BROMCHEM LABORATORIES PVT LTD-KHAMBHAT,,0,0
CHEMCRUX ENTERPRISES LTD ANKLESHWAR,,0,0
CIX-LIFESCIENCE PVT LTD-SACHIN,,0,0
CLAIRVOYANCE IND-DAHEJ,,0,0
CRYSTAL QUINONE PVT LTD-UNTI-II,,0,0
CTX LIFESCIENCES PVT LTD-SACHIN-SURAT,,0,0
D M L-JAMBUSAR,,0,0
DARSHAN PHARMA CHEM-ANK,,0,0
DECCAN FINE CHEM (INDIA)ANK,,0,0
DEEDY CHEMICALS PVT LTD-KALOL,,0,0
DHARMAJ CORP-SAYAKHA,,0,0
EMMENNAR PHARMA NARSPUR (TELANGANA),,0,0
GHARDA CHEMICALS-DAHEJ,,0,0
GUJ.IND.CHEM.CO.PVT. LTD-KHAMBAT,,0,0
GUJARAT HALOGEN PETROCHEM COR-KHAMBHAT,,0,0
HEMANI IND-DAHEJ,,0,0
HERANBA IND LIMITED VAPI UNIT-2,,0,0
HETERO LABS LTD-VISAKAPATNAM,,0,0
IMPRO INTER-PANOLI,,0,0
J.K.CHEMICALS-HYDRABAD,,0,0
JAIPUR,,0,0
JANVI CHEMICALS-DAHEJ,,0,0
KHAMBHAT,,0,0
KIRI DYE CHEM-AMD,,0,0
KIRI-PADRA,,0,0
MAGNUM CHEMICALS-VATVA,,0,0
MAJDHA ORG PVT LTD-DAHEJ,,0,0
MATANGI IND LTD. - A'BAD.,,0,0
MAYUR DYE CHEM - VATVA-AMB,,0,0
MEGHMANI ORG-ANK,,0,0
MEGHMANI ORG-DAHEJ,,0,0
METTOR,,0,0
NARAYAN ORGANIC-ANK,,0,0
OCEAN AQUAMIN-ANAND,,0,0
ONEIRO CHEMAICAL-PADRA,,0,0
P I INDUSTREIES LTD-DAHEJ-SEZ,,0,0
PANOLI PRODUCTS PVT LTD-PANOLI,,0,0
PEARL POLYMERS-HYDRABAD,,0,0
PEARL POLYMRES-BANGLORE,,0,0
PIL-JAMBUSAR,,0,0
PUNJAB CHEM & CORP-MOHALI,,0,0
RADHIKA NANDESARI,,0,0
ROHAN CHEMICAL KHAMBHAT,,0,0
ROHAN DYES & INT.- CAMBAY,,0,0
SAIVISION CHEM INDIA-PANOLI,,0,0
SANJOPIN IND PVT LTD-SAYKHA,,0,0
SETA CHEMICALS-PANOLI,,0,0
SHITAL CHEMICAL IND-KAMBHAT,,0,0
SHIVA PHARMA CHEM-PADRA,,0,0
SHIVA PHARMACHEM-DAHEJ,,0,0
SHIVAM PHARMA CHEM-PADRA,,0,0
SHREE GANESH CHEM-ANK,,0,0
SHREE GAYATRI CHEM-PANOLI,,0,0
SHREE PUSHKAR CHEM & FER LTD-LOTE,,0,0
SPS PROCESSOR-MATHURA,,0,0
SUPERFORM CHEMISTRIES-DAHEJ,,0,0
SUPRAVENI CHEM-BANGLORE,,0,0
TAGROS CHEM INDIA PVT LTD-CUDDALORE,,0,0
TAGROS CHEM-DAHEJ,,0,0
TAGROS CHEMICALS-PANOLI-ANK,,0,0
TECHNICHEM ORG-KHAMBAT,,0,0
THERMAX LIMITED -DAHEJ-SEZ,,0,0
TRANSPEK-PADRA,,0,0
UPL LIMITED-UNIT-12-DAHEJ,,0,0
UPL LIMITED-VAPI,,0,0
USHANTI COLOUR-VATVA,,0,0
VILAYAT PHARMA (DIV COLOUR TEX ),,0,0
VINI INDUSTRIES-M.NAGAR,,0,0
WELSPUN INDIA LTD-ANJAR KUTCH,,0,0
ZIL ORGANIC PVT-MEGHNAGAR,,0,0
ZUNEX ENERGY PRODUCTS LLP-BURGULA,,0,0
BRAVIM CHEM-DHANBAD,,0,0
INDIAN OIL CORP LTD-SINGRAULI,,0,0
BUDGE BUDGE REFINERIES-KOLKATA,,0,0
HALDIRAM FOODS INT-NAGPUR,,0,0
CHAITANYA SOLVEX-(C.G),,0,0
PITAMBARI PRODUCT-DAPOLI (M.H.),,0,0
PITAMBARI PRODUCTS-VADODARA,,0,0
CRG IND.PVT.LTD-ROURKELA,,0,0
CRG INDUSTRIES PVT. LTD-ROURKELA,,0,0
IDEAL IND-TELANGANA,,0,0
IDL-EXPLOSIVE LTD-TELANGANA,,0,0
INDO GULF IND LTD-BABINA-JHANSI(UP),,0,0
NAVBHARAT EXPLOSIVE-RAIGARH,,0,0
NAVBHARAT EXPLOSIVE-RAIPUR,,0,0
PRAGATI CHEM IND-KORBA(C.G),,0,0
RAJASTAN EXPOLSIVES & CHEMICAL LTD-DHOLPUR,,0,0
RAJNANDGAON-CG,,0,0
RAMAGUNDAM-III-TELANGANA,,0,0
SMS SUPPORT PLANT MANAGURU-TELANGANA,,0,0
SPECIAL BLASTS-RAIGARH,,0,0
TELANGANA,,0,0
THE DY GENERAL MANAGER (E&M)-MANAGURU,,0,0
CHEMIE ORG.JHAGADIA,,0,0
CHEMTRADE GLOBAL-G.DHAM,,0,0
CHLORITECH INDUSTRIES-NANDESAR,,0,0
HOPL MANJUSAR,,0,0
HOPL-NANDESARI,,0,0
SRF LTD BHIWADI,,0,0
SRF-DAHEJ,,0,0
CHOUDHARY INDUSTRIES-JAIPUR,,0,0
CIL-DAHEJ,,0,0
MANI ZINC COMPANY-UDAIPUR,,0,0
CIL-PALI (M.H.),,0,0
RASAYAN UDYOG-SINGRAULI,,0,0
CIL-UDAIPUR,,0,0
D.C.M.-JHAGADIA,,0,0
BALOTRA,,0,0
A TO Z CHEMICALS-VAPI,,0,0
AADHYA SHAKTI CHEMS-ANK,,0,0
AADHYA SHAKTI CHEMS-SURAT,,0,0
AANJANEY ENT-ALIGARH,,0,0
AAP CHEM-UP,,0,0
ABHIDEEP CHEMICALS-CHNDRAPUR,,0,0
ADV.TEST LABORATORY-RAIGAD,,0,0
AGRAWAL ACID & CHEMICALS-JAIPUR,,0,0
AKS-EXPO CHEM-DEJURI(W.B),,0,0
ANAND,,0,0
ANJALI ENTERPRISES-ALIGARH,,0,0
ARAVALI CHEMICAL-ALWAR,,0,0
ASHU ORGANICS-DAHEJ,,0,0
AT D.F.P.C.LTD LOADING POINT,,0,0
BADINA,,0,0
BINDWASHNI CHEM-HOWRAH,,0,0
BLACK DIAMOND EXP-BARABANI(W/B),,0,0
CHAMBAL FER & CHEM.LTD-KOTA,,0,0
CHANDAN STEEL LTD-UMBERGAON,,0,0
CHANDAN STEEL LTD-VAPI,,0,0
"CHEMICAL UDYOG,ROURKELA",,0,0
COLOUR CHROMES PVT LTD-JAUNPUR,,0,0
DAMODAR IND LTD-AMARAVATI,,0,0
DAS AGRI FOOD PRODUCTS-ALIGARH (U.P.),,0,0
DEEPAK CHEM TECH-NANDESARI,,0,0
DEEPAK NITRITE LTD-ROHA(M.H),,0,0
DEVA ACID & CHEMICAL-TARAPUR,,0,0
DHARMANANDAN FINE CHEM-MORBI,,0,0
DHOLPUR-RAJ,,0,0
EVEREST ORG LTD-SANGAREDDY,,0,0
FABRIC-BANGALORE,,0,0
GOYAL ENTERPRISE-ALIGARH,,0,0
HERANBA ORGANIC PVT-SAYKHA,,0,0
HIND CHEMICALS-MUMBAI,,0,0
INDIAN ACID & CHEMICALS-HISAR,,0,0
ISLAND VEERCHMIE-BOLLARAM,,0,0
J.H.INTERCHEM-VAPI,,0,0
J.P. CHEMICALS $ PHARMA-SARIGAM,,0,0
JAYASHREE CHEM-TRUCHRAPPALLI,,0,0
JAYSHREE CHEM-TRUCHRAPPALLI,,0,0
JHAGADIA,,0,0
JHONPURA,,0,0
JOGNIYA EXPLOSIVES-BHILWARA,,0,0
JOHRI GEMS-KOTA,,0,0
KABIRDHAM,,0,0
KAILASH GROUP OF IND.SASNI-U.P,,0,0
KCIL-GANDHAIDHAM,,0,0
KREDENCE PERFORMANCE MATERIALS(I)P. LTD-VADODARA,,0,0
KRISHNA CHEMICALS-WAIDHAN-M.P.,,0,0
KRISHNA ORGANICS-RANOLI,,0,0
L.S. CHEMICAL & PHARM-VAPI,,0,0
LANCESS COAT CHEM-MORBI,,0,0
LOHITHA LABORATORIES-BALLARI,,0,0
M D ENTERPRISES-BULANDSHAHR (U.P.),,0,0
MAHESANA,,0,0
MAHESHWARI ENTERPRISE-ALIGARH,,0,0
MEGHNA COLOUR CHEM-VAPI,,0,0
METMIN COMMTRADE PVT-DHANBAD,,0,0
METROCHEM API-SANGAREDDY,,0,0
METROPOLITAN EXIM-DOMBIVLI,,0,0
MEWAR CHEM TECH UDAIPUR,,0,0
MOTHER DAIRY FRUTI & VEG-JUNAGADH,,0,0
NATH IND. CHEMICAL LTD-VAPI,,0,0
NAVBHARAT EXPLOSIVES-RAIPUR,,0,0
NAVBHARAT FUSE CO. LTD-RAIPUR,,0,0
NAVDEEP CHEM PVT LTD-ANK,,0,0
NICE COMPOUND IND-UDAIPUR,,0,0
OM NITRATE-WAIDHAN-M.P.,,0,0
PALVI DAHEJ,,0,0
PORWAL INST & CHEMICAL PVT.LTD-UDAIPUR,,0,0
PRABUDHA ENTERPRISES-ALIGARH,,0,0
PRIMA AGRO IND-MEHSANA,,0,0
PUSHPA CHEMICAL WORK-KOTA,,0,0
RAIPUR,,0,0
RAVESHIA COLOURS PVT LTD-VAPI,,0,0
RPM INTERNATIONAL-BHILWARA,,0,0
S.D. INTERMEDIATES-PADRA,,0,0
S.D.INTERNATIONAL-PADRA-BRD,,0,0
S.R.LABORATORIES-BHUVANGIRI,,0,0
SAKU ENT-ANKLESHWAR,,0,0
SANAND,,0,0
SCHEELE BRIGHT-ANKLESHWAR,,0,0
SEUTIC LABS PVT LTD,,0,0
SEUTIC PHARMA PVT LTD-HUMNABAD,,0,0
SHANTANU CHEMICAL-KABIRDHAM(C.G.),,0,0
SHETH ENTERPRISES-VAPI,,0,0
SHIVAM PRODUCT-ANK,,0,0
SHREE JAYA LAB-MALKAPUR,,0,0
SHREE KRISHNA EXPLOSIVE & ACCESS-KORBA,,0,0
SHRI BALAJI CHEMICALS-HISSAR,,0,0
SHRI KRISHNA ENJALESAR,,0,0
SHRI KRISHNA ENT-ALIGARH,,0,0
SHRI OM INDU-BULANDSHAHAR U.P,,0,0
SIYA ENTERPRISES (M.H.),,0,0
SKAU ENTERPRISES-ANK,,0,0
SONA SYNTH/MANGALAM DRUGS-VAPI,,0,0
SST OFFICE-VADODARA,,0,0
SST-OFFICE,,0,0
SUDARSHAN CHEM-ROHA,,0,0
SUMIT CHEM TEX-JODHPUR,,0,0
SUNIL TRADING-BEAWAR,,0,0
SURAT AMMONIA & CHEM-ANK,,0,0
SWAMI ENT-HATHRAS-U.P,,0,0
TAG00R LAB. PVT. LTD-MANDAL (A.P.),,0,0
TAGOOR LAB-THALLAPUDI-EAST GODAWARI,,0,0
TANAY INORGANICS PVT LTD-RAMAGUNDAM,,0,0
TEXCHEME ENTERPRISES-COIMBATORE,,0,0
TIRUPATI INDUSTRIES-ALWAR,,0,0
UMA ENTERPRISES-SASNI (U.P),,0,0
UPL LTD-JHAGADIA,,0,0
VAPI,,0,0
VAPI PIGMENTS PVT. LTD-VALSAD,,0,0
VARANASI,,0,0
VESTRO SOLVENTS PVT LTD,,0,0
VIRAJ PROFILES LTD-II-TARAPUR,,0,0
YOGESHWAR-NAROL-A.BAD,,0,0
NAROTTAMDAS & COM-M.H,,0,0
NAVI MUMBAI-TURBA,,0,0
PIGMENTS & CHEMICAL-VAPI,,0,0
SAIL-SALEM STEEL-TAMILNADU,,0,0
SUPER ACID & CHEMICALS-WEST DELHI,,0,0
DFPCL-SHRIKAKULAM,,0,0
D.M.C.C-DAHEJ,,0,0
DEEPAK NIT-DAHEJ,,0,0
JAINSON ORGANIC-INDORE,,0,0
PARVATI INTER PRIES-INDOR,,0,0
ROHA DYECHEM-BHARUCH,,0,0
DHANBAD,,0,0
DECCEN-ANK,,0,0
SHREE AMBICA-BHAVNAGAR,,0,0
A.G.TRADERS-INDORE,,0,0
ADHEESHA PHOSPHATE-UDAIPUR,,0,0
ANU ENTERPRISES-KANPUR,,0,0
BHARAT TANKER-INDORE,,0,0
BHARAT TRADERS-INDORE,,0,0
EVEREST FER & CHEM. PVT LTD-GONDAL,,0,0
G.C.LLP-KANDLA,,0,0
GAURHYM TRADE CHEM-ANK,,0,0
GREEN LAND BIO-SCIENCE-PADRA,,0,0
KALYAN ENTERPRISES-INDORE,,0,0
KUSHAL TRADING CO-VATVA,,0,0
LAXMI TRADERS-BVR,,0,0
MARUTI PETROCHEM-RAJKOT,,0,0
MSG PETROLEUM PRODT-KANPUR,,0,0
SAVLI-TUNDAV,,0,0
SBL ENERGY LIMITED-NAGPUR,,0,0
SHAH INDUSTRIES-ANAND,,0,0
SHIVAM INDUSTRIES-PITHAMPUR,,0,0
SHREE CEMENT-RAIPUR,,0,0
SHRI BALAJI ENT-SONIPAT,,0,0
SITARAM IND-BHAVNAGAR,,0,0
SQUARE PETROFIELD-SAVLI,,0,0
SUPER CHEM-INDORE,,0,0
UDAIPUR POLY SACKS LTD-UDAIPUR,,0,0
DEEPAK NITRITE LTD-PIPAVAV,,0,0
AVSL INDUSTRIES LTD-BHIWADI,,0,0
BHIWADI,,0,0
M R IND-OILS-KARNATAKA,,0,0
"DEEPAK NITRITE,NANDESARI",,0,0
SBL ENERGY LIMITED-MOHPA (M.H.),,0,0
RAIGARH,,0,0
DHANMANTRY,,0,0
DHRU FOODS FATS-(C.G.),,0,0
TIWANA NUTRITION-FATEHGARH,,0,0
SEHORE (M.P.),,0,0
DMCC SPEC. CHEM. LTD-DAHEJ,,0,0
SIFLON PHARMA PVT LTD-KARNATAKA,,0,0
DOLLEX AGROTECH-DATIA(M.P.),,0,0
SHRIRAM VINYL & CHEMICAL-KOTA,,0,0
DURG-NAGPUR,,0,0
EMAMI AGROTECH LTD-HALDIA,,0,0
AJAY CHEMICAL-BHAVNAGAR,,0,0
ANAND ROTOGRAVURES-BAREILLY,,0,0
GODREJ IND LTD-VALIA-BHARUCH,,0,0
SHIVAGARH SOAP & CHEM P.LTD-BULANDSHAHR,,0,0
EMAMI AGROTECLTD-KANDLA,,0,0
EPIGRAL LTD-VAGRA-BHARUCH,,0,0
B.S. CHEMICALS-BHILWARA,,0,0
DELIVERD AT SONA SELECTION-BHILWARA,,0,0
DHANRAJ SOLVEX PVT LTD-LATUR,,0,0
GOYAL PROTEINS LTD-NAGPUR,,0,0
PARSHWANATH PRODUCTS-BALOTRA,,0,0
PRABHA CHEM INT-BUTIBORI,,0,0
RANJAN POLYSTER LTD-BHILWARA,,0,0
SONA SELECTION-BHILWARA,,0,0
SULUX PHOS.LTD-UDAIPUR,,0,0
VIMALSTAR FAB TEX-BALOTRA,,0,0
CHANDRAPUR,,0,0
G.I.L.-VALIA (GUJ),,0,0
MADHUSUDAN SOAP. NAGAUR,,0,0
THAKUR MULTI UDAIPUR,,0,0
GACL-BARODA,,0,0
A TO Z SHEET/CHOKSI HERAEUS-UDAIPUR,,0,0
A TO Z METALS/CHOKSI HERBEL-UDAIPUR,,0,0
AJMERA ENTERPRISES-UDAIPUR,,0,0
ARIHANT SOLVEX P.LTD-BIKANER,,0,0
BIKANER,,0,0
DNL-HYDRABAD,,0,0
GORWARA CHEM IND-UDAIPUR,,0,0
GULJAG IND LTD-KOTA,,0,0
GULJAG IND LTD-PALI,,0,0
GULJAG IND LTD-UDAIPUR,,0,0
KATPP-KOTA,,0,0
MAULIK DYE CHEM-UDAIPUR,,0,0
MOTI COLOUR CO-BALOTRA,,0,0
PATEL ENTERPRISES-GUDLI-UDAIPUR,,0,0
PRAKASH CHEMICAL AGENCIES-VADODARA,,0,0
RAVINDRA HERAEUS P. LTD-UDAIPUR,,0,0
RONAK PROCESSORS PVT LTD-BHILWARA,,0,0
S-C.C.I.-BHIWADI,,0,0
SHREE HARI ARIHANT SOLVEX-BIKANER,,0,0
SHREE HARI IND-BIKANER,,0,0
SHREE KRISHNA PAPER MILL IND-KOTPUTLI,,0,0
SONA PROCESSORS-BHILWARA,,0,0
SULUX PHOS/AJMERA ENT-UDIPUR,,0,0
TIME PHARMA RESEARCH-UDAIPUR,,0,0
UNITED BREWERIES LTD-ALWAR-(RAJ),,0,0
VARDHMAN PHARMA-UDAIPUR,,0,0
GACL-DAHEJ,,0,0
GACL-NALCO-BHARUCH,,0,0
GAYATRI CHEMICAL-BAVLA-AMD,,0,0
RMP-NARDANA,,0,0
GAYTRI CHEM PANOLI-ANK,,0,0
HOPL-SAVLI,,0,0
J.K CEMNT -MANGROL,,0,0
KANCHAN INDIA LTD-BHILWARA,,0,0
MOHAN POLYFAB-ANK,,0,0
SILVER CHEMICALS-MAKARPURA,,0,0
GIL KHARACH-KOSAMBA,,0,0
"GIL, VILAYAT",,0,0
BHAVITHRA IND-METTUR-DAM,,0,0
COACHIN,,0,0
ICMC COR.LTD-METTUR-DAM,,0,0
JAYEM ENGINEERS-TIRUPUR,,0,0
MEGHMANI NOVOTECH-DAHEJ,,0,0
"MEGHMANI, NANDESARI",,0,0
"ORGANIC IND,DAHEJ",,0,0
SHREE BALAJEE MEGNESITE-SALEM-TAMILNADU,,0,0
SRI SUBRAMANIAM CHEMICAL-METTUR-DAM,,0,0
THE SIRPUR PAPER MILLS LTD-TELENGANA,,0,0
"WANKSONS,PANOLI",,0,0
GIL-NAGDA,,0,0
"AMC CHEM,PANOLI",,0,0
ANUPAM RASAYAN INDIA LTD-SACHIN,,0,0
EXCEL IND LTD-ROHA,,0,0
HINDUSTAN CHEMICALS CO-OLPAD-SURAT,,0,0
"NAVIN FLOURIN,SURAT",,0,0
PATSIL IND-NADIAD,,0,0
GNFC LTD. - DAHEJ,,0,0
ALIGARH U.P.,,0,0
AMBEY CHEMTECH PVT LTD-M.NAGAR,,0,0
ANKITRAJ EXPOTRADE PVT LTD-RAIGAD,,0,0
BAJAJ STEEL & IND LTD-JALAUN-ORA(U.P.),,0,0
BAJAJ STEELS & IND LTD-KANPUR,,0,0
BALAJEE CHEMICAL-VIJAYAWADA (A.P.),,0,0
BANSAL CHEM-JALESAR-DEHAT,,0,0
BHDOHI INT-(U.P),,0,0
BHILAI,,0,0
BRAHMANI RASAYAN-JODHPUR,,0,0
DEEPTHY LAB-KARNATAKA,,0,0
GANDHIDHAM,,0,0
GARG SALTPETER IND-JALESAR,,0,0
HYDRABAD,,0,0
IDEAL IND.EXPOLSIVE LTD-NALGONDA,,0,0
INDIAN GLYCOLS LTD-(U.KHAND,,0,0
INDIAN OIL CORP-PANIPAT,,0,0
JAY JEE ENTERPRISES-SILVASSA,,0,0
JYOTI CHEMICALS-KANPUR(U.P.),,0,0
KAPASI ACID AND CHEM-RAIPUR-C.G,,0,0
KARNATAK AGRO-BENGALURU,,0,0
KEKULE PHARMA LTD-SANGAREDDY,,0,0
M.S. & CO.LUCKNOW,,0,0
MAA BINDWASHNI CHEMICALS-WEST BENGAL,,0,0
MAHAVEER DYEING-PALI,,0,0
MAHAVIR TRADIND CO-KANPUR,,0,0
MANYA TRADERS-KORBA,,0,0
MATUNGI COTTON-BALOTRA,,0,0
MEGHNAGAR,,0,0
METROCHEM API PVT LTD-SANGAREDDY,,0,0
NATHDWARA CHEMICAL-AMRAVATI),,0,0
NUCLEAR FUEL COMPLEX-RAWATBHATA,,0,0
OM ICE & CHEMICAL-ALIGARH,,0,0
PRAGATI CHEMICAL IND-BILLASPUR,,0,0
RADHA KISAN FAQUIR-JALESAR,,0,0
"RAVI ORG LTD ,GURGAON-HARYANA",,0,0
RICCO IND-BHILWARA,,0,0
RIMJHIM STAINLESS LTD-UNNAO,,0,0
ROHIT FABTEX-BALOTRA,,0,0
RUPESH KUMAR & SONS-(U.P),,0,0
S.B.ORGANIC LTD-CHANDAPUR,,0,0
S.B.ORGANICS LTD-CHANDAPUR,,0,0
S.G.CHEMTEX-JODHPUR,,0,0
SAGAR CHEMICALS-MEHSANA,,0,0
SAGAR SALTPETER-ETHA(U.P.),,0,0
SARVODAYA INDIA LTD-BHILWARA,,0,0
SEUTIC PHARMA-BIDAR,,0,0
SHANKAR LAL RAMPAL DYE-BHILWARA,,0,0
SHREE BALAJI CHEMICALS-JALESA,,0,0
SHREE KRISHNA EXP & ACCE-TIRUPAT,,0,0
SHRI BALAJI CHEMICALS-JALESAR,,0,0
SNEHAA FARMA CHEM-SANGAREDDY,,0,0
SPECIAL BLASTS LTD-PIRDA,,0,0
SREE SHIV CHEMICAL-(U.P),,0,0
SREE SHIV CHEMICAL-HATHRAS (U.P.),,0,0
SRI KRISHNA EXPLOSIVES-A.P.,,0,0
SULZERPROCE-SSOR-BHILWARA,,0,0
T.J.AGRO.IND-JUNAGADH,,0,0
TAGOOR CHEM PVT- (A.P.),,0,0
TATA CHEMICAL LTD-CUDDALORE,,0,0
UMARGAON,,0,0
UMESH ENT SHIKOHABAD U.P,,0,0
UMESH ENTERPRISES-FIROZABAD(UP),,0,0
UNITED ACID & CHEMICAL-BANGLORE,,0,0
VEDANT CHEMICALS-TELNAGANA,,0,0
VEDANT PETROCHEM-TELANGANA,,0,0
VISHAKHA METALS-MUNDRA,,0,0
GODHREJ AMARNATH (M.H),,0,0
GOKUL AGRO RESOURCES-HALDIA,,0,0
SHREE UDYOG-KANPUR,,0,0
GOLDEN CASHEW PRODUCT.P.LTD-PUDUCHERRY,,0,0
PINETECH CHEMICALS-HOSIARPUR,,0,0
GOWARDHAN BIOCHEM-DURG-(CHHATTISGARH),,0,0
G.S.F.C LTD-ROZYPORT-JAMNAGAR,,0,0
KRISHAK BHARATI CO.OP LTD-SURAT,,0,0
NARMADA BIO-CHEM-DAHEJ,,0,0
NATIONAL FERTILIZERS LTD-GUNA (M.P),,0,0
GRASIM CELLUOSIC-VILAYAT,,0,0
GRASIM IND LTD-KARWAR,,0,0
AQUAPHARM CHE PVT LTD.MAHAD-M.H,,0,0
HCL-ANKLESHWAR,,0,0
GRASIM IND. LTD.-KOSAMBA,,0,0
GRASIM IND-LTD-NAGDA,,0,0
HINDUSTAN UNILEVER-KHAMGAON,,0,0
GSFC LTD. BARODA,,0,0
CHEMIE ORG. JHAGADIA,,0,0
EXW-FERTILIZERNAGAR-ANK,,0,0
"GEB, PANENDRO",,0,0
HZL-DEBARI,,0,0
JAKSH CASTOR PRODUCTS LTD-GAJERA,,0,0
JAYANT AGRO ORGANIC-DHANORA,,0,0
JAYANT AGRO-RANOLI,,0,0
KLJ SILVASSA,,0,0
LALIT BRATHER-INDOR,,0,0
OM SAI CHEMICAL-ANKLESHWAR,,0,0
"SABAR DAIRY,HIMMATNAGAR",,0,0
SHREE CHLORATES-DHAR(M.P),,0,0
SHREE VAM INDUS-RAJKOT,,0,0
STYRENIX PERFORMANCE-NANDESARI,,0,0
VAKRATUNDA CHEM-UDAIPUR,,0,0
GUJARAT DYE STUFF-KUTCH,,0,0
GULJAG IND.LTD-JODHPUR,,0,0
GUNGUN SALES COR-ROHTAK,,0,0
K.N.RESOURCES PVT LTD-KANDLA PORT,,0,0
HALDIA,,0,0
GAZIABAD,,0,0
NTPC-SIPAT-BILSAPUR,,0,0
HALDIA PETROCHEMICAL LTD-HALDIA,,0,0
G.K.BURMAN HERBALS-HARIDWAR,,0,0
MALANPUR,,0,0
UNILEVER INDIA LTD-SUMERPUR-(UP),,0,0
HANWHA INTERNATIONAL INDIA-G.DHAM,,0,0
HVG LOGISTICS PVT-24 PARGANAS-(W.B.),,0,0
HARSH ORGENO-VATVA,,0,0
ZJL ORGANIC PVT-MEGHNAGAR,,0,0
HAZIRA PORT SURAT,,0,0
CAUSTIC SODALYE,,0,0
CENTURY PULP & PAPER-LALKUA (U.KHAND),,0,0
BHAVNAGAR,,0,0
RENAISSANCE INDUSTRIES-BHAVNAGAR,,0,0
AMFICO LIQUID LOGISTIC-MUMBAI,,0,0
MUMBAI (M.H.),,0,0
SUPREM-NANDESARI,,0,0
HRSU INDORE PVT LTD-SHAJAPUR,,0,0
MAHARASHTRA ENT-KHOPOL,,0,0
SUNIL CHEMICALS-MUMBAI,,0,0
AIM CHEMTECH PVT LTD-PITHAMPUR,,0,0
ARIHANT DETERGENT PVT LTD-AVDHAN,,0,0
CIL-MUNIRABAD RS-KARNATAKA,,0,0
CIL-NIMRANI KHARGONE(MP),,0,0
DCCPP.PRVUNL-CHHAWANI,,0,0
DJ SURFACTANTS-HIMACHAL PRADESH,,0,0
HZL-SINDESAR KHURD-RAJSAMAND,,0,0
KALISINDH SUPER THERMAL POWER-JHALARAPATAN,,0,0
KCFL-DAHEJ,,0,0
MALCO ENERGY LTD-CUNCOLIM-GOA,,0,0
NEW INDIA DET. PVT LTD-SARIGAM,,0,0
R.M. CHEMICALS-DHULE,,0,0
RAJASTHAN RAJYA-RAMGARH,,0,0
RAMAPURA AGUCHA MINES-(RAJ),,0,0
SHIVANI DET PVT LTD-M.NAGAR,,0,0
SURATGARH THERMAL POWER-SURATHGARH,,0,0
ZAWAR-RAJ,,0,0
ZINCO FERTILIZERS-MANDAL,,0,0
BRIMSTONE AGRO-KANERA,,0,0
CIL-ENNORE-CHENNAI,,0,0
D.J.DYE CHEM-DAMAN,,0,0
GOPINATH CHHATRAL,,0,0
HZL-ZAWAR MINES,,0,0
"IFFCO,KANDLA",,0,0
IFFCO-KALOL UNIT,,0,0
JAY CHEMICAL VATVA,,0,0
JAY CHEMICAL-KHAMBAT,,0,0
JUBILANT AGRI-CHITTORGARH,,0,0
MANDOLIA ORG.CHEM PVT.LTD-PANOLI,,0,0
MMCPL-JHAGADIA,,0,0
MEHSANA,,0,0
NEW INDIA DETERGENT-KUTCH,,0,0
REVA MINE CHEM-PATAN,,0,0
S.V.I.-RAJKOT,,0,0
WANKSONS CHEMICAL-PANOL,,0,0
BECL-BHAVNAGAR,,0,0
IPF VIKRAM INDAI LTD-KURALI,,0,0
KADI,,0,0
KALOL,,0,0
"KINJAL ORG,A'BAD.",,0,0
MAHADHAN AGRITECH LTD-TALOJA,,0,0
MEGHMANI IND LTD-DAHEJ,,0,0
RAJASTHAN,,0,0
RELIANCE SYNGAS LTD.-JAMNAGAR,,0,0
RESHMIKA MINERAL-PANOLI,,0,0
RIL-MOTIKHAVDI-JAMNAGAR,,0,0
ROYAL CASTOR PROD.LTD-MEHASANA,,0,0
SAP FINE CHEM-M.NAGAR,,0,0
SHAKTI CHEMICAL-RAJKOT,,0,0
"SHANTI AGRO,NAVSARI",,0,0
HZL-KANDLA,,0,0
INDIAN OIL CORP LTD-PARADEEP,,0,0
VACMET INDIA LTD-DHAR,,0,0
INDORAMA INDIA PVT LTD-HALDIA,,0,0
RAIPUR RASAYAN UDYOG (C.G.),,0,0
INDUSTRIAL SOLVENT-ANK,,0,0
KATHMANDU-NEPAL.,,0,0
NEPAL,,0,0
IOL CHEMICALS & PHARMA-FATEGARH (PUNJAB),,0,0
MOON LIGHT ENT-JAIPUR,,0,0
ISHAN DYES & CHEMICAL-AMD,,0,0
MIRASH IND PVT LTD-DAHEJ,,0,0
DEV CHEMICAL-BUTIBORI-NAGPUR,,0,0
DNL/IMC-LTD-PIPAVAV,,0,0
JAI BAJARANGBALI CHEM IND-HOWRAH,,0,0
AGARWAL CHEMICALS-RAIPUR,,0,0
ALLIED CHEMICAL IND-PRAYAGRAJ,,0,0
B.ROSHANLAL CHEMICALS(M.P.),,0,0
ROURKELA STEEL PLANT-(W.B.),,0,0
RSPL LIMITED-RAIPUR UNIT,,0,0
JAI DURGA ENTERPRISES-PANI PAT,,0,0
JAI KISAN AGRO PRODUCT-INDORE,,0,0
SANJAY SOLVEX PVT LTD-LUDHIYANA,,0,0
JATAN GREENTECH PVT LTD-PARADEEP-ODISHA,,0,0
J.S.M.N.CHEM-UDAIPUR,,0,0
JAYA SPECIALITY CHEMICALS (C.G),,0,0
PAYAL POYPLAST P.LTD-DAMAN,,0,0
JAYSHREE SOLVEX (I) PVT LTD-DURG,,0,0
FAIRCHEM ORGANICS LTD-SANAND,,0,0
KALKI CHEMICAL-NANDESARI,,0,0
DALMIA CEMENT BHARAT LTD-YADWAD,,0,0
KALURAM FOOD PRODUCT-WASHIM (M.S.),,0,0
KALYANI SOLVEX PVT LTD-WEST BENGAL,,0,0
JAY KEY CHEMICALS-INDOR,,0,0
KAMAL SOLVENT EXT-(C.G),,0,0
KANDLA,,0,0
KASYAP SWEETNERS LIMITED-M.P,,0,0
KAYRPEE VANIJYA-HALOL,,0,0
KCFL-NIMRANI,,0,0
KCIL-G.DHAM,,0,0
ATUL LIMITED-VALSAD,,0,0
AARTI INDUSTRIES LTD-VAPI,,0,0
AEIDAN INDUSTRIES-JHAGADIA,,0,0
AMI PIGMENT PVT-VATVA,,0,0
ASCENT FINECHEM-AMD,,0,0
"ATUL LTD,ANKLESHWAR",,0,0
AVDHOOT CHEMICAL-ANK,,0,0
BHOOMI PHOS-UDAIPUR,,0,0
DHARTI ENTERPRISES-DAHEJ,,0,0
DHOLU EARTH IND-BHUJ,,0,0
GHARDA CHEMICALS-PANOLI,,0,0
GREEN FIELD IND-ALWAR,,0,0
GUJRAT CREDO ALUMINE CHEMICALS.ADANI.PORT-MUNDRA,,0,0
H.J.AROCHEM-AMD,,0,0
HEMANI CHEEM -VAPI,,0,0
JANKI CORP.LTD-BHILWARA,,0,0
JUBILANT AGRI & CONSUMER PRODUCT-GAJRAULA,,0,0
JUBILANT INGREVIA LTD-GAJRAULA,,0,0
K-FLEX INDIA PVT LTD.-RANJANGAON (M.H.),,0,0
LONSEN KIRI CHEM (DUDHAWADA),,0,0
"LUNA CHEM IND-PVT LTD,VAGRA-BHARUCH",,0,0
MAHALAXMI RUBTECH LTD-SANAND,,0,0
MALWA OXYGEN & INDL-M.P,,0,0
MAYUR DYECHEM LTD-VATVA-AMD,,0,0
MEGHMANI PIGMENTS-VATVA,,0,0
NANDOSAL CHEM IND-VAPI,,0,0
NAVPAD PIGMENT-CHATRAL,,0,0
NAYARA ENERGY LTD-VADINAR-J.NAGAR,,0,0
NIRMANK COR-BHILWARA,,0,0
OM CHEMICAL-(BRD),,0,0
PAM ORGANICS-VAPI,,0,0
PANOLI-N.SARI/YASHASHVI-DAHEJ,,0,0
PI INDUSTRIES-PANOLI,,0,0
PIDILITE IND-VAPI,,0,0
PRAGNA LIFE SCIENCE-PANOLI,,0,0
RESPONSIVE IND. LTD-BOISER,,0,0
SHREE SULPHAMIC- ANK,,0,0
SHREEJI IND-DAHEJ,,0,0
SHREEJI INDUSTRIES-DAHEJ,,0,0
VAL ORGANICS PVT-VALSAD,,0,0
VASU CHE.LLP-PALGHAR (M.H),,0,0
VIKRAM AROMA LTD-KADI,,0,0
VIRAG ENTERPRISE-SURAT,,0,0
WESTERN DRUGS LTD-UDAIPUR,,0,0
YASHASHVI RASAYAN-DAHEJ,,0,0
KETALCHEM INDIA PVT LTD-DADRA,,0,0
KHAITAN CHEM & FER-NIMBAHEDA,,0,0
"KHANGAON,M.H",,0,0
HISAR,,0,0
KHARAGPUR (WEST.BENGAL),,0,0
HISSAR,,0,0
"NILKANTH,DHULE",,0,0
SETU ENTERPRISES-AMD,,0,0
SIFLON DRUG-BALLERY,,0,0
KLJ-PLASTICZERS-SILVASSA,,0,0
RAMA NAND ENT.INDIA P .LTD-GWALIOR,,0,0
KLJ JHAGADIA,,0,0
KLJ ORGANIC LTD-JHAGADIA,,0,0
NEW ZEEL FASHION WEAR-DHAR (M.P.),,0,0
KLJ PETROPLAST-JHAGADIA,,0,0
GWALIOR,,0,0
KODARMA CHEMICAL-JHARKHAND,,0,0
SHAKAMBARI AROMATICS-(C.G.),,0,0
KRISHNA-GANDHIDHAM,,0,0
MAHAD-M.H.,,0,0
KUSHAL CHEMICAL-DELHI,,0,0
KUTCH COPPER LTD-MUNDRA,,0,0
AMAR ALUM & ALLIED CHEM-BARELLY,,0,0
GOKUL OVERSEAS-G.DHAM,,0,0
GOPINATH CHEM-KADI,,0,0
LAXMI AGRO-GANDHIDHAM,,0,0
NIDL SURFACTANTS PVT-BADDI,,0,0
RAMA PHOSPHATE LTD-INDOR,,0,0
SHAKAMBARI ENT. INDIA-PARGANAS (W.B.),,0,0
TRANSWORLD FURTICHEM-JHAGADIA,,0,0
KUTCH SPECIALITIES-KACHCHH,,0,0
BAJRANJG CHEMICALS-ETHA (UP),,0,0
BIC CHEM & PACKING-TARAPUR,,0,0
JAY CHEMICAL IND-SAYKHA,,0,0
SUNFRIO CHEMICALS PVT LTD-DAHEJ,,0,0
NEW CHEM ACID AHMDABAD,,0,0
FARMA PHOSPHATE LTD-UDAIPUR,,0,0
MAHAKAL ENT-NEEMUCH-MP,,0,0
LORDS CHLORO ALKALI LTD-ALWAR,,0,0
JANKI PROCESS-BALOTRA,,0,0
MANISH PARTISHTHAN-BALOTRA,,0,0
MOTI COLOR CO DEL.-BALOTRA,,0,0
SUNRISE TRADING-BALOTRA,,0,0
LUNA CHEMICAL-DAHEJ,,0,0
M B COTTEX-YAVATMAL,,0,0
N.K.PROTEINS PVT LTD-KADI,,0,0
M.A.KAPASI CHEMICAL-(C.G.),,0,0
"HITESH CHEM,ANKLESHWAR",,0,0
ARIHANT TRADERS-DURG (C.G.),,0,0
BHIMANI CHEMICALS-AHMRDABAD,,0,0
BHIMANI CHEMICALS-AMD,,0,0
NAVYUG CHEMICALS-AMD,,0,0
POONAM INDUSTRIES.-KARNAL,,0,0
R C F FERTILISERS-DINDORI-NASIK,,0,0
SHRI MAHILA GRIHA UDYOG-PUNE,,0,0
SIDDHVINAYAK TRADELINK-RAJKOT,,0,0
MADHVADI PETRO-SAYKHA,,0,0
SWASTIK CHEMICALS-KANPUR,,0,0
FOSROC CHEM INDIA-ANK,,0,0
MAHARSHI CHEMICAL-ANJAR,,0,0
MAHESH EDIBLE OIL-KOTA (RAJ),,0,0
SHANKAR NUTRICON PVT LTD-INDORE,,0,0
SHANKER NUTRICON-PITHAMPUR (MP),,0,0
SHIVAM OIL & PROTEINS -INDOR,,0,0
BRIJ ENTERPRISES-ANK,,0,0
CIL-SARIGAM,,0,0
SUPERFORM CHEMISTRIES-JHAGADIA,,0,0
TIAGO CHEM-ANK,,0,0
VADODARA,,0,0
MANORAMA IND LTD-(C.G),,0,0
VARDHIT SOLUTIONS-KANPUR (U.P),,0,0
MARS GLASS PVT LTD.-DHULE,,0,0
H.U.LTD -CHIPLUN (M.H.),,0,0
MARUTI CHEMICAL- NANDESARI,,0,0
MARUTI CHEMICALS IND (KOLKATA.W.BENGAL),,0,0
AARTI IND-TARAPUR,,0,0
METMIN AGRO FERT-DHANBAD,,0,0
MYSORE AMMONIA-NANDESARI,,0,0
ACC LIMITED-LAKHERI,,0,0
AMZOLE INDIA P.LTD-UDAIPUR,,0,0
BHARAT HEAVY ELECTRICALS LTD-JALGAON,,0,0
INTECH ORGANIC LTD.PALI,,0,0
J K CEMENT-NIMBAHERA,,0,0
J.K.CEMENT-CHITTORGARH,,0,0
NAGDA,,0,0
TINCO CHEMICAL-BADLAPUR,,0,0
H C L JHAGADIA,,0,0
NANDOLIA ORG.CHEM.PVT.LTD-PANOLI,,0,0
NATHDHWARA CHEM-NAGPUR,,0,0
NATIONAL FERT. LTD-NAYA NANGAL,,0,0
NAVABHARAT LTD-ANDRA PRADESH,,0,0
BHARAT OIL IND-AKOLA,,0,0
NCPL-KANDLA,,0,0
NEO CHEM-GOZARIYA,,0,0
NETAJI IOL DEPOT-HALDIA,,0,0
NETAJI OIL DEPOT UNIT-HALDIA,,0,0
NEW HORIZONS ASPHAL PVT LTD,,0,0
NEW INDIA,,0,0
S.S. TANK SOLD,,0,0
NEWWAY VYAPAAR PVT LTD-HOWRAH,,0,0
SELF-DELHI,,0,0
NIDL SURFACTANTS PVT-HALDIA,,0,0
NIKHIL RASAYAN-HOWRAH,,0,0
NIMISHA CHEM-NANDESARI,,0,0
NIRMA LTD-BHAVNAGAR,,0,0
A.P.REFINERY PVT LTD-PUNJAB,,0,0
CHEMETALL INDIA PVT LTD-PUNE,,0,0
CHIRIPAL IND LTD-AHMDABAD,,0,0
GEMA TAX-DHOLKA,,0,0
HANUMAN COTTON MILL-AHMEDABAD,,0,0
HENKEL ADHESIVES.PUNE-M.H.,,0,0
INDUSTRIAL CHEMICALS-UDAIPUR,,0,0
JAL AQUA INTER-PANOLI,,0,0
JAY DINESH CHEM-AHMEDABAD,,0,0
JINDAL CREATION (P) LTD-AHMEDABAD,,0,0
JINDAL FABRIC INC-AHMEDABAD,,0,0
KABIR ALKALIES-PANIPAT,,0,0
KANAIYA DYE CHEM IND-PANDESARA,,0,0
KANDLA PORT-GANDHIDHAM,,0,0
KANHA EXIM-AHMEDABAD,,0,0
KHYATI CHEMICALS-AHMEDABAD,,0,0
KUCHCHH IND-GODOWN,,0,0
KUMAR COTTON MILLS (P)LTD-AHMEDABAD,,0,0
LAKME LEVER PVT LTD-G.DHAM,,0,0
MAIZE PRODUTS-AHMEDABAD,,0,0
MITSUBISHI CORP-KANDLA,,0,0
NIRMA-MANDALI,,0,0
NOVELLA CORPORATION-BARDOLI,,0,0
PARSHWANATH DYE-CHEM IN-AHMEDABAD,,0,0
PREM INDUSTRIES-AHMEDABAD,,0,0
SACHIN HEALTH CARE PVT LTD-SURAT,,0,0
SANDEEP-NANDESARI,,0,0
SHREE BHAVYA FABRICS LTD-AHMEDABAD,,0,0
SHREE KHEDUT SAHAKARI KHAND UDYOG MADLI LTD-BARDOL,,0,0
SHREE SHYAM IND-AHMEDABAD,,0,0
SWAN ENERGY-AHMEDABAD,,0,0
TRANSPEK ATLADARA-BRD,,0,0
U.P.CHEMICALS-LUDHIYANA,,0,0
VISHAL FABRICS LTD-AHMEDABAD,,0,0
KANHA TRADERS-SONIPAT,,0,0
KARAMJI CHEMICAL-NOIDA,,0,0
RIDDHAN CHEMICALS-ALWAR,,0,0
SHREE NIWAS CHEMICAL-NOIDA,,0,0
JAYANT,,0,0
ONEIRO CHEMAICAL-PADARA,,0,0
ORIENT PAPER & IND LTD-AMLAI (M.P),,0,0
KN AGRI RESOURCES LTD-ITARSI,,0,0
"A ONE CHEM,ANKLESHWAR",,0,0
B.M. PHARMA-ANK,,0,0
BAJAJ HEALTH CARE-SAVLI,,0,0
BELLARY,,0,0
BENZO CHEM IND-VAGARA,,0,0
GLOBAL DRILLING FLUIDS-HALOL,,0,0
GREEN STAR FER.LTD-TUTICORIN,,0,0
GURUDEV DYE STUFF-AMD,,0,0
HCL - ANKLESHWAR,,0,0
HCL-DAHEJ,,0,0
INDEAL DYECHEM-VAPI,,0,0
INSECTIDES INDIA LTD-DAHEJ,,0,0
"IOCL,BARODA",,0,0
JALGOAN,,0,0
JAYJEE CHEMICALS-SILVASSA,,0,0
KOSAMBA,,0,0
LALIT BRATHER-CHANDRAPUR,,0,0
LALIT BRATHER-MEGHNAGAR,,0,0
MAHESH OIL RIFIENRY-HAZIRZ-SURAT,,0,0
MALCO ENERGY LTD-GOA,,0,0
MANTRAA CHEMIE-SURAT,,0,0
MEERAM ACID P.LTD-KERALA,,0,0
"MINOL ACIDS,ANKLESHWAR",,0,0
NARMADA BIO-CHEM LTD-SANGWADIA-NIMBAHEDRA,,0,0
"NIKEN CHEM,SURAT",,0,0
NIMBAHERA,,0,0
NINE INTERNATIONAL-VATVA,,0,0
NPCIL-KAKRAPAR,,0,0
OCCL-HARYANA,,0,0
ONGC-DAHEJ,,0,0
ORDNANCE FACTORY-BHANDRA,,0,0
PPL GOA PLANT-GOA,,0,0
PRAKASH CHEMICAL-ANKLESHWAR,,0,0
PRAKHAR ESTATE PVT LTD-SACHIN,,0,0
R.IND-DHULE,,0,0
RATHOD PHARMA-M.NAGAR,,0,0
RATTANINDIA POWER LTD-NANDGAON PETH-AMRAVATI,,0,0
RAVI RAJ CHEM-ANKLESHWAR,,0,0
RIL ROHA,,0,0
RIL-JAMNAGAR (SEZ),,0,0
RUCHI-DAHEJ,,0,0
SANJAY CHEMICALS-TELANGANA,,0,0
SESHASAYEE PAPER PALLIPALAYAM(T.N),,0,0
SHIVAM PRODUCTS-ANK,,0,0
SHREE GANESH IND-SACHIN,,0,0
SHREE MAHESH OIL REFINERY-DEWAS,,0,0
SHRIRAM ALKALI & CHEM-JHAGADIA,,0,0
SIDDHI VINAYAK ENT-M.NAGAR,,0,0
SKY INTERMEDIATES-DAHEJ,,0,0
SONGWON SPECUALTYCHEM-PANOLI,,0,0
SUNNY CHEMICAL WORKS-PANIPAT,,0,0
SUVIDHI IND PVT LTD-VALSAD,,0,0
TRISHA SPECIALITY CHEM-DHOLKA,,0,0
UC COLOUR & INT-SAYKHA,,0,0
UMARE CHEMICAL-CHANDRAPUR,,0,0
UNICHEM COR-NAGPUR,,0,0
UPL LIMITED-DAHEJ,,0,0
PARADEEP PHOSP-ORISSA,,0,0
CLARION ORGANIC LTD-BHANDARA(M.H.),,0,0
DB POWER LTD-CHAMPA (C.G),,0,0
INDIAN MART-BHILAI-DURG (C.G.),,0,0
JAGDAMBA UDYOG-RAIPUR (C.G.),,0,0
JINDAL POWER LTD-RAIGARH (C.G),,0,0
NTPC GE POWER-KORBA (C.G.),,0,0
SHREE MAHALAKSHMI CHEMICAL (WEST BENGAL),,0,0
SIPAT SUPER THERMAL POWER-BILASPUR,,0,0
SUDHA CORE CHEMICAL-GWALIOR,,0,0
PATANJALI FOODSLTD-HALDIA,,0,0
VAJRAKAYA GREEN POWER U.P,,0,0
PAYAL POLYPLAST PVT LTD-DAHEJ,,0,0
A C POLYCOATERS PVT LTD-JHAJJAR,,0,0
ALOK PACKAGING PVT LTD-BAWANA,,0,0
ARORA VINYL PVT.LTD-BAHADURGARH,,0,0
BEETA POLYCOATS-BAHADURGARH,,0,0
BIHANI MFG.CO.PVT LTD-BHIWADI,,0,0
BRIJBIHARI PULP & PAPER-FATEHPUR,,0,0
CHEMIE PRODUCTS PVT-BHIWADI,,0,0
COSMIC CONSUMER GOODS-HARYANA,,0,0
DAWER SONS PVT LTD-BAHADURGARH,,0,0
FINOLEX CABLES LTD-ROORKEE (UTTARAKHAND),,0,0
GAYATRI POLYCOATS-HARYANA,,0,0
GIRIRAJ COATEDFAB-BAHADURGARH,,0,0
GREEN LINE LAMINATES-BAHADURGARH,,0,0
H.R.POLYCOATS PVT LTD- BAHADURGARH,,0,0
HAVELLS INDIA LTD-ALWAR,,0,0
HB PLOYCOAT TEXTILE-BAHADURGARH,,0,0
KAMLESH VINYLS-ROHTAK-HARYANA,,0,0
KLASSIK LAMITEX-REWARI,,0,0
LAXMI POLYCOAT-BAHADURGARH,,0,0
MANISH VINYLS PVT-HARYANA,,0,0
MARVEL GDC PVT LTD-GWALIOR,,0,0
MAYUR UNIQUOTERS-JAIPUR,,0,0
NARENDRA POLY CHEM-FARIDABAD,,0,0
NORTHERN INDIA LEATHER-HARYANA,,0,0
PAYAL POLYPLAST-BAHADURGARH,,0,0
PAYAL POLYPLAST-JHAJJAR,,0,0
POLYCAB INDIA LTD-BASKA,,0,0
RAINBOW PACKAGING-HARIDWAR(U.K.),,0,0
RELAXO FOOTWEAR LTD-BAHADURGARH,,0,0
RMG POLY VINYLS-SKINANDRABAD,,0,0
RUBBER CENTRE-BAHADURGARH,,0,0
SAMARTH REXINES PVT-HARYANA,,0,0
SHRUTI POLYMERS-SONEPAT,,0,0
SURAJ INDIA VENTURE-GHAZIABAD,,0,0
SWASTIK POLYVINYLS-SONIPAT,,0,0
TEAMASIA TECHNICAL TEXTILE-JHAJJAR,,0,0
TOTAL FOOTCARE OVERSEAS-DELHI,,0,0
UNIVERSALCABLES LTD-SATNA (M.P.),,0,0
ZAIBUNCO IND PVT LTD-UNNAO (U.P.),,0,0
PAYAL-DAMAN,,0,0
PBS OILIND.LTD-DHAMTARI(C.G.),,0,0
G.S.V PRODUCTS-JHAJJAR-HARYANA,,0,0
GRP LTD-SOLARPUR-(M.H.),,0,0
SOLAPUR,,0,0
INDORE SAH DUGDH SANGH- INDORE,,0,0
PRADEEP PHOSPHATES LTD-ORISSA,,0,0
INDIAN OIL-BHILAI (C.G.),,0,0
PRASAD SUGAR&ALLIED-AHMEDNAGAR,,0,0
PRISM IND-KHAMBHAT,,0,0
AMBICA IND-AHMEDABAD,,0,0
PULLING & LIFTINGMACHINE-NAGPUR,,0,0
RRD OILS & FATS-HIMACHAL PRADESH,,0,0
RACHNA PLASTICIZERS-SILVASSA,,0,0
RAIGARH SOLVENT EXTRACTION-(C.G.),,0,0
RAJARAM MAIZE-RAJNANDGAON,,0,0
RAJASTAN STATE MINES-UDAIPUR,,0,0
NAMAN SALES COR.HISAR-HARAYANA,,0,0
RAKA ORGANIC-UDAIPUR,,0,0
SOLAR IND.INDIA LTD-NAGPUR,,0,0
"RAMA,DHARAMPURI",,0,0
VISHNU CHEMICAL-RAIPUR,,0,0
ACV EXPLOSIVES LLP-RAJASTHAN,,0,0
SALVO IND. PVT. LTD-MALKAJGIRI,,0,0
SASAN POWER-SINGRAULI,,0,0
SOLAR IND INDIA LTD-ODISHA,,0,0
SOLAR IND INDIA.LTD-KORBA,,0,0
I O C L-SINGROULI,,0,0
RATANLAL-KOLKATA (W.B),,0,0
BALAJI OIL PRODUCT-KANPUR,,0,0
RCF LTD. CHEMBUR,,0,0
"AAP CHEM, NANDESARI",,0,0
ACID SLES CORP-NANDESARI,,0,0
CALIBRE CHEMICAL-SARIGAM,,0,0
DYNEMIC PRODUCT LTD-DAHEJ,,0,0
HIREN CORPORATION-AMD,,0,0
MAHADEV TRADARS-JHAGADIA,,0,0
PHTHALO COLOURS & CHEM-VAPI,,0,0
RAAJRATNA VENTURES/RAJRAATAN METAL-MEHSANA,,0,0
SHAH ALLOYS LTD-SANTEJ-KALOL,,0,0
SHREE SHIV AGRO,,0,0
TRADEX-KHAMBAT,,0,0
RIL BIO ENERGY LTD-PANIPAT,,0,0
RIL- BHOPAL (M.P.),,0,0
AGRO PHOS (INDIA)-DEWAS,,0,0
DELTA IRRGATION & FERT.KOLHAPUR,,0,0
NEELKANTH TRANS CHEM-DULE,,0,0
SHREE ANUVE SYNTHETIC-PALI,,0,0
SHREE TULSI PHOSPHATE- C.G,,0,0
VALIYA MINERAL & CHEM-UDAIPUR,,0,0
"RITZY CHEM,DAMAN",,0,0
RJ RUBBERS & CHE IND-SINGRAULI,,0,0
AKSHAR CHEM(INDIA)-DAHEJ,,0,0
ASAHI SOGWON COLORS LTD-PADRA,,0,0
BHAVIN INTERMEDIATES-SAYKHA,,0,0
CLAYKING MINERALS LLP-SURENDRANAGAR,,0,0
DEEP CHEM-ANK,,0,0
DEEPAK PHENOLICS LTD-DAHEJ,,0,0
DTC INDUSTRIES-KHAMBAT,,0,0
HEUBACH COLOUR PVT-ANK,,0,0
INDO COLCHEM-AMD,,0,0
MAC ORGANICS PVT LTD-MAHAD,,0,0
NAVDEEP CHEMICAL-JHAGADIA,,0,0
NAVIN FLUORINE ADV. SCIENCE-DAHEJ,,0,0
ONEIRO LIFE CARE-PADRA,,0,0
R.K.SYNTHESIS LTD-SAYAKHA,,0,0
RALLIS INDIA LTD-DAHEJ,,0,0
ROHAN DYES-UNIT-1-KHAMBAT,,0,0
"SAJJAN IND,LTD-ANKLESHWAR",,0,0
SHIV TEX CHEM-ANK,,0,0
SHREENATHJI ENT-ANAND,,0,0
SILOX INDIA PVT LTD-EKALBARA,,0,0
TAXE CHEM ENTERPRISE-COIMBATTORE,,0,0
TAXE CHEM-CHENNAI,,0,0
VARITY CHEMICALS-VAGRA,,0,0
VISMITA IND-DAHEJ,,0,0
YASH CHEMEX INC-DHULE,,0,0
A S INDUSTRIES-PANOLI-BHARUCH,,0,0
DEEPAK NITRITE LTD (HSD)-HYDERABAD,,0,0
MOHAN POLY FEB-ANK,,0,0
R K SYNTHESIS LTD-SAYAKHA,,0,0
UI VR PRIVATE LTD.-AHMEDABAD,,0,0
VISMITA INDUSTRIES-DAHEJ,,0,0
CRYSTAL COLOURCHEM-SAYKHA,,0,0
RUCHI SOYA-HALDIA,,0,0
S . B CHEMICALS-VAPI,,0,0
SADHANA NITRO CHEM-ROHA,,0,0
SHREE HARI CHEMICAL-KHAMBAT,,0,0
SAI FERTILIZERS & PHOS-AMBERNATH (M.H.),,0,0
RMJ VERITABLE PRODUCT-DHULE,,0,0
SAI SULPHONATES PVT LTD-MEDINAPUR,,0,0
DARA CHEMICAL-HISSAR,,0,0
SHRI JAGDAMBA UDYOG-RAIPUR,,0,0
UNLIEVER INDIA LTD-SUMERPUR,,0,0
SEAHAWK AGRO (P) LTD-AURANGABAD-BIHAR,,0,0
B.R.AGRO (P) LTD-BANMORE-(M.P.),,0,0
SGF IND.PVT LTD-HOOGHLY,,0,0
ARIHANT AGRO IND-KANDLA,,0,0
GRASSROOTS CLEANTECH-KANDLA,,0,0
NAKODA PARSHWANATH-KANDLA,,0,0
SHANTI INORGO-AMD,,0,0
ACCIPL-AHMEDNAGAR,,0,0
ALVIN CARAMEL COLOUR-AHMEDNAGAR,,0,0
SHIVANGI IOL PVT LTD-BILASPURA(C.G),,0,0
SHRADDHA ENERGY & INFRA PVT LTD-JALNA,,0,0
SHREE BALAJI AGRO-HARYANA,,0,0
SHREE MAHAKALI FEED-SABARKANTHA,,0,0
SHREE KRISHNA SOLVENT (C.G.),,0,0
R.S.INDUSTRIES-MORENA,,0,0
SHREE MAHESH OIL REFINERY-INDORE,,0,0
SHREE NIDHI OIL & FOODS-DEWAS,,0,0
SKRETTING AQUACULTURE-SURAT,,0,0
SHIV GLOBAL IND-NANDED,,0,0
SHREE SHYAM CHEMICALS-BHILAI,,0,0
SHREE SHYAM UDYOG-JAMSHEDPUR,,0,0
ADITYA IND-JAIPUR,,0,0
EIGHT BROTHER SALES-JAIPUR,,0,0
SHREE SULPHURIC PVT LTD-BHARUCH,,0,0
AANJANEY ENT-ALIGARH (U.P.),,0,0
ACTIVE CARGO & ALLIED-MUNDRA,,0,0
ATUL CHEMICAL & PHARMA-MORADABAD,,0,0
BARNALA-PUNJAB,,0,0
DEEPAK METALS AND CHEM-BHIWADI,,0,0
DEEPAKNIT/DEEPACK CHEM-NANDESARI,,0,0
EXPEDE-TECH RESERCH & DEVELOPMENT-NAYA-KHEDA,,0,0
GUJRAT BORON-HALOL,,0,0
HARIOM ACID & CHEM-AHMEDABAD,,0,0
INDIAN OXALATE LTD-RATNAGIRI,,0,0
KAKDIYA-ANK/MANGALMURTI-MANGROL,,0,0
MULTICORP SPECIALTY-AMD,,0,0
MUNISUVRAT FAB TEX-PALI,,0,0
NEW INDIA ACID-BHARUCH,,0,0
NITROCHEM ENERGIES- (C.G.),,0,0
RAVI CHEM IND-ANK,,0,0
SHALIBHADRA INTER-MUNDRA,,0,0
SHANTANU CHEMICALS-(C.G.,,0,0
SHARMA CHEMICAL-RAIPUR,,0,0
SHREEJI INDUSTRIES-ANKLESHWAR,,0,0
SWIZZLIN CHEMICALS-ANK,,0,0
VSR ENT-ALIGADG-(U.P),,0,0
SHREEKAMAL OIL IND-WARDHA(M.H.),,0,0
SHRI SHANTI SOLEX -MORENA (M.P),,0,0
BANSAL EXTRACTION EXP-MANDIDEEP (M.P),,0,0
SHRIKA KULAM A.P,,0,0
CHEMICAL ENTERPRIES C.G.,,0,0
KESHAV ENTERPRISES-LUDHIANA,,0,0
SHRIRAM RAYONS-KOTA,,0,0
BEEAM IND. PVT. LTD.-HARIDWAR,,0,0
HINDUSTAN UNILEVER LTD-RANIPUR,,0,0
AB CHEMICALS-SACHIN,,0,0
AGASTYA ENTERPRISES-DHANBAD,,0,0
GAYATRI CHEMICAL IND-SURAT,,0,0
HAPCHEM PVT LTD.CHHATRAL,,0,0
JAYVEER ENTERPRISES-AMD,,0,0
JAYVIR ENTERPRISES-AMD,,0,0
K.G.CHEMICAL-DOMBIWALI,,0,0
KHETAN CHEMICAL-NIMRANI,,0,0
MALAVIKA ENT-PUNE,,0,0
NIMRANI (M.P.),,0,0
SHREE RANG ENTERPRISES-NANDESARI,,0,0
SHREEJI ENTERPRISES-AMD,,0,0
VIVEK CHEMICALS-SURAT,,0,0
SPARDHA STEEL-ROURKELA,,0,0
GOOD LUCKCARBON-JITWAL-KALAN (P.B),,0,0
SHINE CARBON-SANGRUR (P.B),,0,0
VISHESH INFRATECH-PUNJAB,,0,0
HARDI BAZAR-KORBA,,0,0
MAA NAVDURGA ENT-BALOTRA,,0,0
STEAM CHARGES,,0,0
STEAM CHARGIS,,0,0
SHREE ABHIRAM IND GUNA-MP,,0,0
SUNSHIELD CHEM LTD-PALI (M.H),,0,0
ASIAN PAINTS LTD-HARYANA,,0,0
SURYODAY INTERPHARM-KHAMBAT,,0,0
HERANBA ORGANICS-SARIGAM,,0,0
SWASTIC ZINC PVT LTD-UDAIPUR,,0,0
SYNERGY POLYPACKS-DHANBAD,,0,0
TALOJA (M.H.),,0,0
BADLAPUR (M.H.),,0,0
REGENESIS IND PVT LTD-TELANGANA,,0,0
SALVO IND.PVT LTD-TELANGANA,,0,0
THE SINGARENI COLLIERIES-RAMAGUNDAM,,0,0
TEJAS FUELS & OILS PVT LTD-M.P,,0,0
RADIANT LUBES PVT LTD-BUTIBORI-NAGPUR,,0,0
TETHYA CHEM PVT LTD-(C.G.),,0,0
CONTINENTAL CARBON INDIA-GAZIABAD,,0,0
STEEL AUTHORITY OF INDIA LTD-SALEM,,0,0
THE ANDHRA SUGAR LTD-ANDRA-PRADESH,,0,0
PRADEEP ENTERPRISES-HYDERABAD,,0,0
VIJAYASRI IND-JEDIMETLA,,0,0
THE KARNAL CO.OP SUGAR-KARNAL,,0,0
TRANSWORLD FURTICCHEM-RAIGAD,,0,0
TULSI DYE CHEM PVT LTD-AMD,,0,0
TULSI DYE CHEM-DAHEJ,,0,0
TUTICORIN-(T.N.),,0,0
TWENTY ONE SUGAR LTD-UNIT-2,,0,0
KG CHEMICALS-DOMBIVLI (M.H.),,0,0
UPL LIMITED-ANKLESHWAR,,0,0
SHREE CEMENT LTD-KODLA,,0,0
SIDHI SOLECHEMINDS-SAVLI-BRD,,0,0
UDAIPUR,,0,0
VALIYA LOG-UDAIPUR,,0,0
VINATI ORGANICS LTD-LOTE,,0,0
AARAV ENTERPRISES-GONDAL,,0,0
VINYL PRODUCTS PVT LTD-DAMAN,,0,0
VIPPY IND . LTD-DEWAS,,0,0
ASIAN PAINTS LTD-ANK,,0,0
VVF (INDIA)LTD-TALOJA,,0,0
CLARIANT IGL SPECIAL TYCHEM PVT LTD-U.KHAND,,0,0
YASHVARDHAN CHEMICAL-AMD,,0,0
ZYDEX ORGANICS-SOLAPUR,,0,0
